,Date,US,Germany,India,France
0,2020-01-22,1,0,0,0
1,2020-01-23,1,0,0,0
2,2020-01-24,2,0,0,2
3,2020-01-25,2,0,0,3
4,2020-01-26,5,0,0,3
5,2020-01-27,5,1,0,3
6,2020-01-28,5,4,0,4
7,2020-01-29,6,4,0,5
8,2020-01-30,6,4,1,5
9,2020-01-31,8,5,1,5
10,2020-02-01,8,8,1,6
11,2020-02-02,8,10,2,6
12,2020-02-03,11,12,3,6
13,2020-02-04,11,12,3,6
14,2020-02-05,11,12,3,6
15,2020-02-06,12,12,3,6
16,2020-02-07,12,13,3,6
17,2020-02-08,12,13,3,11
18,2020-02-09,12,14,3,11
19,2020-02-10,12,14,3,11
20,2020-02-11,13,16,3,11
21,2020-02-12,13,16,3,11
22,2020-02-13,14,16,3,11
23,2020-02-14,14,16,3,11
24,2020-02-15,14,16,3,12
25,2020-02-16,14,16,3,12
26,2020-02-17,14,16,3,12
27,2020-02-18,14,16,3,12
28,2020-02-19,14,16,3,12
29,2020-02-20,14,16,3,12
30,2020-02-21,16,16,3,12
31,2020-02-22,16,16,3,12
32,2020-02-23,16,16,3,12
33,2020-02-24,16,16,3,12
34,2020-02-25,16,16,3,14
35,2020-02-26,16,21,3,18
36,2020-02-27,17,26,3,38
37,2020-02-28,17,53,3,57
38,2020-02-29,25,66,3,100
39,2020-03-01,32,117,3,130
40,2020-03-02,55,150,5,191
41,2020-03-03,74,188,5,212
42,2020-03-04,107,262,28,288
43,2020-03-05,184,400,30,426
44,2020-03-06,237,639,31,616
45,2020-03-07,403,795,34,948
46,2020-03-08,519,902,39,1125
47,2020-03-09,594,1139,43,1411
48,2020-03-10,782,1296,56,1783
49,2020-03-11,1147,1567,62,2293
50,2020-03-12,1586,2369,73,2293
51,2020-03-13,2219,3062,82,3681
52,2020-03-14,2978,3795,102,4496
53,2020-03-15,3212,4838,113,4532
54,2020-03-16,4679,6012,119,6683
55,2020-03-17,6512,7156,142,7715
56,2020-03-18,9169,8198,156,9124
57,2020-03-19,13663,10999,194,10970
58,2020-03-20,20030,13957,244,12758
59,2020-03-21,26025,16662,330,14463
60,2020-03-22,34944,18610,396,16761
61,2020-03-23,46096,22672,499,20120
62,2020-03-24,56714,27436,536,22372
63,2020-03-25,68841,31554,657,25331
64,2020-03-26,86662,36508,727,29252
65,2020-03-27,105253,42288,887,33045
66,2020-03-28,127417,48582,987,37693
67,2020-03-29,143544,52547,1024,40296
68,2020-03-30,165698,57298,1251,44645
69,2020-03-31,192079,61913,1397,52281
70,2020-04-01,227903,67366,1998,57125
71,2020-04-02,260183,73522,2543,59227
72,2020-04-03,292630,79696,2567,64452
73,2020-04-04,324340,85778,3082,47376
74,2020-04-05,353117,91714,3588,48225
75,2020-04-06,385110,95391,4778,50884
76,2020-04-07,415256,99225,5311,47395
77,2020-04-08,446500,103228,5916,51250
78,2020-04-09,482526,108202,6725,55034
79,2020-04-10,516707,113525,7598,56600
80,2020-04-11,545693,117658,8446,58045
81,2020-04-12,571551,120479,9205,108792
82,2020-04-13,598794,123016,10453,111933
83,2020-04-14,627306,125098,11487,129381
84,2020-04-15,653669,127584,12322,132588
85,2020-04-16,683351,130450,13430,145166
86,2020-04-17,716508,133830,14352,147057
87,2020-04-18,743857,137439,15722,150861
88,2020-04-19,768888,139897,17615,151955
89,2020-04-20,799531,141672,18539,154402
90,2020-04-21,825478,143457,20080,157068
91,2020-04-22,855445,145694,21370,158867
92,2020-04-23,887523,148046,23077,157158
93,2020-04-24,919014,150383,24530,159969
94,2020-04-25,949640,152438,26283,161647
95,2020-04-26,975537,154175,27890,162280
96,2020-04-27,1000230,155193,29451,165966
97,2020-04-28,1024834,156337,31324,169098
98,2020-04-29,1051643,157641,33062,167643
99,2020-04-30,1081150,159119,34863,168861
100,2020-05-01,1115972,160758,37257,169387
101,2020-05-02,1142619,161703,39699,170179
102,2020-05-03,1166189,162496,42505,170540
103,2020-05-04,1190240,163175,46437,171102
104,2020-05-05,1214321,163860,49400,172219
105,2020-05-06,1238694,164807,52987,176355
106,2020-05-07,1266904,166091,56351,177096
107,2020-05-08,1294111,167300,59695,177627
108,2020-05-09,1318358,168551,62808,178155
109,2020-05-10,1337061,169218,67161,178404
110,2020-05-11,1356283,169575,70768,178719
111,2020-05-12,1379661,170508,74292,179472
112,2020-05-13,1399662,171306,78055,179993
113,2020-05-14,1425539,172239,81997,180635
114,2020-05-15,1449938,173152,85784,181148
115,2020-05-16,1473806,173772,90648,181563
116,2020-05-17,1492449,174355,95698,181703
117,2020-05-18,1514833,174697,100328,182147
118,2020-05-19,1535591,175210,106475,182648
119,2020-05-20,1558430,176007,112028,183129
120,2020-05-21,1583542,176752,118226,183396
121,2020-05-22,1607464,177212,124794,184152
122,2020-05-23,1627392,177850,131423,184698
123,2020-05-24,1647513,178281,138536,184259
124,2020-05-25,1666699,178570,144950,184584
125,2020-05-26,1685395,179002,150793,184839
126,2020-05-27,1704200,179364,158086,185012
127,2020-05-28,1725329,179717,165386,188355
128,2020-05-29,1750066,180458,173491,188949
129,2020-05-30,1772783,181196,181827,190743
130,2020-05-31,1791547,181482,190609,190975
131,2020-06-01,1809384,181815,198370,191382
132,2020-06-02,1829340,182028,207191,190735
133,2020-06-03,1848388,182370,216824,187509
134,2020-06-04,1876099,182764,226713,191869
135,2020-06-05,1902280,183271,236184,192450
136,2020-06-06,1922433,183678,246622,193022
137,2020-06-07,1940242,183979,257486,193363
138,2020-06-08,1957154,184193,265928,193637
139,2020-06-09,1977478,184543,276146,194190
140,2020-06-10,1999224,184861,286605,194815
141,2020-06-11,2021527,185416,297535,195179
142,2020-06-12,2047082,185674,308993,195980
143,2020-06-13,2071218,186022,320922,196477
144,2020-06-14,2090171,186269,332424,196867
145,2020-06-15,2111266,186461,343091,197003
146,2020-06-16,2135894,186839,354065,197666
147,2020-06-17,2162973,187184,366946,198155
148,2020-06-18,2191211,187764,380532,198741
149,2020-06-19,2222207,188534,395048,199528
150,2020-06-20,2254073,189135,410451,200147
151,2020-06-21,2279932,189822,425282,200490
152,2020-06-22,2309921,190359,440215,200632
153,2020-06-23,2348750,190862,456183,201330
154,2020-06-24,2385029,191449,473105,201598
155,2020-06-25,2424386,192079,490401,201853
156,2020-06-26,2473472,192556,508953,203116
157,2020-06-27,2514305,193243,528859,203564
158,2020-06-28,2557223,193499,548318,203157
159,2020-06-29,2598741,193761,566840,203802
160,2020-06-30,2648797,194259,585481,204244
161,2020-07-01,2698127,194725,604641,205234
162,2020-07-02,2753211,195228,625544,205773
163,2020-07-03,2804869,195674,648315,206312
164,2020-07-04,2850893,196096,673165,206670
165,2020-07-05,2904843,196335,697413,206682
166,2020-07-06,2948475,196554,719664,207700
167,2020-07-07,3005888,196944,742417,208154
168,2020-07-08,3066392,197341,767296,208976
169,2020-07-09,3126224,197783,793802,209420
170,2020-07-10,3194746,198178,820916,210135
171,2020-07-11,3255187,198556,849522,210386
172,2020-07-12,3315407,198804,878254,210402
173,2020-07-13,3375032,198963,906752,211825
174,2020-07-14,3440789,199375,936181,211887
175,2020-07-15,3507088,199726,968857,212614
176,2020-07-16,3577862,200260,1003832,213183
177,2020-07-17,3644284,200843,1039084,214009
178,2020-07-18,3708609,201372,1077781,214174
179,2020-07-19,3767602,201574,1118206,214178
180,2020-07-20,3828458,201823,1155338,216089
181,2020-07-21,3896753,202345,1193078,216684
182,2020-07-22,3964203,202799,1238798,217605
183,2020-07-23,4031970,203368,1288108,218841
184,2020-07-24,4106919,204183,1337024,219932
185,2020-07-25,4170674,204964,1385635,220016
186,2020-07-26,4226305,205269,1435616,220020
187,2020-07-27,4286302,205609,1480073,222508
188,2020-07-28,4350866,206242,1531669,223072
189,2020-07-29,4414918,206926,1581963,224542
190,2020-07-30,4484122,207828,1634746,225936
191,2020-07-31,4548497,208698,1695988,227239
192,2020-08-01,4605921,209653,1750723,227301
193,2020-08-02,4652810,209893,1803695,227304
194,2020-08-03,4694706,210402,1855745,230665
195,2020-08-04,4756327,211281,1908254,231636
196,2020-08-05,4810464,212022,1964536,233344
197,2020-08-06,4870500,213067,2027074,234945
198,2020-08-07,4930941,214214,2088611,237332
199,2020-08-08,4994708,215336,2153010,237402
200,2020-08-09,5048871,215891,2215074,237408
201,2020-08-10,5100508,216327,2268675,242168
202,2020-08-11,5157384,217293,2329638,243576
203,2020-08-12,5212606,218519,2396637,246180
204,2020-08-13,5264052,219964,2461190,248850
205,2020-08-14,5334124,221413,2525922,251764
206,2020-08-15,5386449,222828,2589952,254974
207,2020-08-16,5421026,223453,2647663,257994
208,2020-08-17,5459023,224014,2702681,258629
209,2020-08-18,5503998,225404,2767253,260748
210,2020-08-19,5549913,226914,2836925,264535
211,2020-08-20,5595048,228621,2905825,269335
212,2020-08-21,5642948,230048,2975701,274289
213,2020-08-22,5688219,232082,3044940,277763
214,2020-08-23,5720122,232864,3106348,282498
215,2020-08-24,5754213,233575,3167323,284474
216,2020-08-25,5796775,234853,3224547,288067
217,2020-08-26,5838967,236429,3310234,288354
218,2020-08-27,5889404,237936,3387500,299580
219,2020-08-28,5935724,239507,3463972,307205
220,2020-08-29,5978795,240986,3542733,312665
221,2020-08-30,6012963,241771,3621245,318047
222,2020-08-31,6046489,242381,3691166,321160
223,2020-09-01,6088458,243599,3769523,326264
224,2020-09-02,6128576,244855,3853406,333351
225,2020-09-03,6173787,246166,3936747,340473
226,2020-09-04,6222446,247619,4023179,349333
227,2020-09-05,6265684,248997,4113811,357927
228,2020-09-06,6294762,249985,4204613,364943
229,2020-09-07,6319464,250799,4280422,369209
230,2020-09-08,6346567,252298,4370128,375947
231,2020-09-09,6380418,253474,4465863,384546
232,2020-09-10,6420040,255366,4562414,394308
233,2020-09-11,6464865,256850,4659984,403837
234,2020-09-12,6510480,258480,4754356,415174
235,2020-09-13,6550788,259428,4846427,421519
236,2020-09-14,6583689,260355,4930236,427839
237,2020-09-15,6621128,261762,5020359,435665
238,2020-09-16,6659477,263663,5118253,445932
239,2020-09-17,6704918,265857,5214677,456171
240,2020-09-18,6755145,267773,5308014,469404
241,2020-09-19,6800800,270070,5400619,482964
242,2020-09-20,6842405,271415,5487580,493500
243,2020-09-21,6874665,272337,5562663,499039
244,2020-09-22,6912973,274158,5646010,509123
245,2020-09-23,6954203,275927,5732518,522355
246,2020-09-24,7003200,278070,5818570,538264
247,2020-09-25,7050826,280223,5903932,554368
248,2020-09-26,7094716,282730,5992532,568588
249,2020-09-27,7128423,284140,6074702,579223
250,2020-09-28,7164994,285332,6145291,583522
251,2020-09-29,7207284,287421,6225763,591527
252,2020-09-30,7246200,289219,6312584,605893
253,2020-10-01,7292562,291722,6394068,618918
254,2020-10-02,7346109,294395,6473544,631354
255,2020-10-03,7395489,296958,6549373,647868
256,2020-10-04,7428859,299237,6623815,660372
257,2020-10-05,7466806,300619,6685082,666011
258,2020-10-06,7511827,303258,6757131,677321
259,2020-10-07,7561294,306086,6835655,696274
260,2020-10-08,7619507,310144,6906151,713676
261,2020-10-09,7674838,314660,6979423,734707
262,2020-10-10,7730092,319381,7053806,761384
263,2020-10-11,7776972,322864,7120538,777378
264,2020-10-12,7819927,325331,7175880,786590
265,2020-10-13,7870523,329453,7239389,800216
266,2020-10-14,7929694,334585,7307097,823181
267,2020-10-15,7993556,341223,7370468,852938
268,2020-10-16,8063866,348557,7432680,878572
269,2020-10-17,8118716,356387,7494551,910711
270,2020-10-18,8171010,361974,7550273,940548
271,2020-10-19,8239747,366299,7597063,954838
272,2020-10-20,8302318,373167,7651107,975214
273,2020-10-21,8363743,380762,7706946,1002624
274,2020-10-22,8443959,392049,7761312,1043437
275,2020-10-23,8526091,403291,7814682,1086286
276,2020-10-24,8604190,418005,7864811,1131551
277,2020-10-25,8664567,429181,7909959,1138167
278,2020-10-26,8729037,437866,7946429,1211177
279,2020-10-27,8808014,449275,7990322,1245635
280,2020-10-28,8896402,464239,8040203,1283185
281,2020-10-29,8989081,481013,8088851,1329821
282,2020-10-30,9089580,499694,8137119,1379295
283,2020-10-31,9176352,518753,8184082,1414396
284,2020-11-01,9254490,532930,8229313,1460575
285,2020-11-02,9338428,545027,8267623,1566666
286,2020-11-03,9465330,560379,8313876,1639267
287,2020-11-04,9567399,577593,8364086,1593146
288,2020-11-05,9697431,597583,8411724,1650966
289,2020-11-06,9826558,619089,8462080,1711918
290,2020-11-07,9953780,642488,8507754,1798573
291,2020-11-08,10073148,658505,8553657,1837135
292,2020-11-09,10192673,671868,8591730,1858559
293,2020-11-10,10331774,687200,8636011,1881172
294,2020-11-11,10481333,705687,8683916,1917578
295,2020-11-12,10640976,727553,8728795,1950136
296,2020-11-13,10819737,751095,8773479,1974271
297,2020-11-14,10982694,773556,8814579,2006228
298,2020-11-15,11121208,790503,8845127,2033420
299,2020-11-16,11276945,801327,8874290,2043470
300,2020-11-17,11444297,815746,8912907,2089073
301,2020-11-18,11617713,833307,8958483,2117917
302,2020-11-19,11809680,855916,9004365,2138706
303,2020-11-20,12010765,879564,9050597,2161970
304,2020-11-21,12188369,902528,9095806,2179640
305,2020-11-22,12333604,918269,9139865,2192770
306,2020-11-23,12517890,929133,9177840,2197832
307,2020-11-24,12692858,942687,9222216,2207753
308,2020-11-25,12874109,961320,9266705,2224508
309,2020-11-26,12987020,983588,9309787,2237509
310,2020-11-27,13202222,1006394,9351109,2250283
311,2020-11-28,13369711,1028089,9392919,2262760
312,2020-11-29,13509384,1042700,9431691,2272523
313,2020-11-30,13667915,1053869,9462809,2276830
314,2020-12-01,13866746,1067473,9499413,2285273
315,2020-12-02,14063762,1084743,9534964,2299501
316,2020-12-03,14283185,1106789,9571559,2312288
317,2020-12-04,14518319,1130238,9608211,2323799
318,2020-12-05,14738242,1153556,9644222,2336681
319,2020-12-06,14916373,1171323,9677203,2347630
320,2020-12-07,15112614,1183655,9703770,2351041
321,2020-12-08,15340113,1197709,9735850,2365085
322,2020-12-09,15555848,1218524,9767371,2379760
323,2020-12-10,15791625,1242203,9796744,2393632
324,2020-12-11,16028527,1272078,9826775,2407121
325,2020-12-12,16251283,1300516,9857029,2421068
326,2020-12-13,16441925,1320716,9884100,2432601
327,2020-12-14,16652286,1337078,9906165,2435793
328,2020-12-15,16879507,1351510,9932547,2447518
329,2020-12-16,17113650,1379238,9956557,2465238
330,2020-12-17,17352824,1406161,9979447,2483636
331,2020-12-18,17599264,1439938,10004599,2499511
332,2020-12-19,17804289,1471238,10031223,2516939
333,2020-12-20,17990458,1494009,10055560,2529797
334,2020-12-21,18187883,1510652,10075116,2535757
335,2020-12-22,18393673,1530180,10099066,2547618
336,2020-12-23,18614460,1554920,10123778,2562604
337,2020-12-24,18826055,1587115,10146845,2584322
338,2020-12-25,18951579,1587115,10169118,2604584
339,2020-12-26,19169547,1627103,10187850,2607677
340,2020-12-27,19305730,1640858,10207871,2616544
341,2020-12-28,19480363,1651834,10224303,2619650
342,2020-12-29,19687204,1664726,10244852,2631144
343,2020-12-30,19905952,1687185,10266674,2657658
344,2020-12-31,20219878,1719737,10286709,2677660
345,2021-01-01,20397398,1719737,10305788,2697018
346,2021-01-02,20670022,1755351,10323965,2700484
347,2021-01-03,20873235,1765666,10340469,2712975
348,2021-01-04,21059968,1775513,10356844,2717059
349,2021-01-05,21292110,1787410,10374932,2737892
350,2021-01-06,21551825,1808647,10395278,2763078
351,2021-01-07,21836888,1835038,10413417,2784845
352,2021-01-08,22139748,1866887,10413417,2804705
353,2021-01-09,22403252,1891581,10450284,2824882
354,2021-01-10,22613198,1908527,10466595,2840826
355,2021-01-11,22817700,1921024,10479179,2844642
356,2021-01-12,23040116,1933826,10495147,2864399
357,2021-01-13,23268791,1953426,10512093,2888331
358,2021-01-14,23503715,1978590,10527683,2909666
359,2021-01-15,23748051,2000958,10542841,2930983
360,2021-01-16,23965033,2019636,10557985,2952392
361,2021-01-17,24141198,2033518,10571773,2969034
362,2021-01-18,24282482,2040659,10581823,2972832
363,2021-01-19,24439496,2052028,10595639,2996855
364,2021-01-20,24627164,2068002,10610883,3023613
365,2021-01-21,24819191,2088400,10625428,3046323
366,2021-01-22,25010547,2106262,10639684,3069647
367,2021-01-23,25187886,2122679,10654533,3093740
368,2021-01-24,25327681,2134936,10667736,3112176
369,2021-01-25,25457654,2141665,10676838,3116477
370,2021-01-26,25608948,2148077,10689527,3138619
371,2021-01-27,25764113,2161275,10701193,3165570
372,2021-01-28,25930828,2178828,10720048,3189378
373,2021-01-29,26094127,2192850,10733130,3212613
374,2021-01-30,26244536,2205171,10746174,3236658
375,2021-01-31,26357107,2216363,10757610,3255994
376,2021-02-01,26482919,2221971,10766245,3260382
377,2021-02-02,26600309,2228085,10777284,3283719
378,2021-02-03,26724684,2237790,10790183,3310125
379,2021-02-04,26849337,2252001,10802591,3310145
380,2021-02-05,26979744,2264909,10814304,3355752
381,2021-02-06,27096024,2275394,10826363,3376340
382,2021-02-07,27185193,2284010,10838194,3396055
383,2021-02-08,27268355,2288545,10847304,3400398
384,2021-02-09,27364113,2291924,10858371,3419418
385,2021-02-10,27459808,2299996,10871294,3444827
386,2021-02-11,27565960,2310233,10880603,3465903
387,2021-02-12,27665519,2320093,10892746,3486612
388,2021-02-13,27755867,2328447,10904940,3507843
389,2021-02-14,27824057,2334561,10916589,3524518
390,2021-02-15,27880161,2338987,10925710,3528924
391,2021-02-16,27939999,2342843,10937320,3548520
392,2021-02-17,28009004,2350399,10950201,3573560
393,2021-02-18,28081254,2360606,10963394,3596078
394,2021-02-19,28156128,2369719,10977387,3620205
395,2021-02-20,28229709,2378883,10991651,3642576
396,2021-02-21,28284962,2386559,11005850,3664622
397,2021-02-22,28341018,2390928,11016434,3669276
398,2021-02-23,28414848,2394811,11030176,3689469
399,2021-02-24,28489829,2402818,11046914,3720996
400,2021-02-25,28566889,2414687,11063491,3746410
401,2021-02-26,28641812,2424684,11079979,3771626
402,2021-02-27,28712642,2434446,11096731,3795736
403,2021-02-28,28764298,2442336,11112241,3815688
404,2021-03-01,28814420,2447068,11124527,3820418
405,2021-03-02,28873096,2451011,11139516,3843290
406,2021-03-03,28940164,2460030,11156923,3870101
407,2021-03-04,29008605,2471942,11173761,3895387
408,2021-03-05,29075787,2482522,11192045,3918894
409,2021-03-06,29136550,2492079,11210799,3942286
410,2021-03-07,29178094,2500182,11229398,3964121
411,2021-03-08,29222842,2505193,11244786,3969673
412,2021-03-09,29278673,2509445,11262707,3992853
413,2021-03-10,29336393,2518591,11285561,4022514
414,2021-03-11,29398148,2532947,11308846,4050606
415,2021-03-12,29460422,2545781,11333728,4075681
416,2021-03-13,29516680,2558455,11359048,4105444
417,2021-03-14,29555246,2569245,11385339,4131895
418,2021-03-15,29606783,2575849,11409831,4138369
419,2021-03-16,29661862,2581329,11438734,4168396
420,2021-03-17,29721741,2594764,11474605,4206916
421,2021-03-18,29783944,2612268,11514331,4241990
422,2021-03-19,29844854,2629750,11555284,4277108
423,2021-03-20,29903121,2645783,11599130,4312451
424,2021-03-21,29938533,2659516,11646081,4343115
425,2021-03-22,29986970,2667225,11686796,4358924
426,2021-03-23,30039696,2674710,11734058,4373620
427,2021-03-24,30127521,2690523,11787534,4439011
428,2021-03-25,30194910,2713180,11846652,4484672
429,2021-03-26,30271054,2734753,11908910,4526554
430,2021-03-27,30334846,2755225,11971624,4569179
431,2021-03-28,30381218,2772401,12039644,4606307
432,2021-03-29,30447861,2782273,12095855,4615413
433,2021-03-30,30510083,2791822,12149335,4646136
434,2021-03-31,30579485,2808873,12221665,4705186
435,2021-04-01,30656330,2833173,12303131,4755862
436,2021-04-02,30730194,2855061,12392260,4802545
437,2021-04-03,30794703,2873190,12485509,4802711
438,2021-04-04,30832570,2885386,12589067,4883346
439,2021-04-05,30900794,2893883,12686049,4894139
440,2021-04-06,30964189,2900768,12801785,4902195
441,2021-04-07,31039928,2910445,12928574,4903122
442,2021-04-08,31119772,2930852,13060542,5000155
443,2021-04-09,31204184,2956316,13205926,5000319
444,2021-04-10,31274548,2980413,13358805,5001723
445,2021-04-11,31321879,2998268,13527717,5119625
446,2021-04-12,31385081,3011513,13689453,5128175
447,2021-04-13,31465794,3022323,13873825,5167305
448,2021-04-14,31540756,3044016,14074564,5210812
449,2021-04-15,31614984,3073442,14291917,5248857
450,2021-04-16,31697732,3099273,14526609,5285307
451,2021-04-17,31753116,3123077,14788003,5321180
452,2021-04-18,31796939,3142262,15061805,5350558
453,2021-04-19,31856774,3153699,15320972,5357266
454,2021-04-20,31919203,3163308,15616130,5401341
455,2021-04-21,31983893,3188192,15930774,5436265
456,2021-04-22,32050106,3217710,16263695,5469669
457,2021-04-23,32112756,3245253,16610481,5502009
458,2021-04-24,32167063,3268645,16960172,5534651
459,2021-04-25,32201471,3287418,17313163,5559156
460,2021-04-26,32244759,3299325,17636186,5565113
461,2021-04-27,32296816,3310301,17997113,5595437
462,2021-04-28,32352650,3332532,18376421,5626979
463,2021-04-29,32410329,3357268,18762976,5653526
464,2021-04-30,32468055,3381597,19164969,5677829
465,2021-05-01,32516226,3400532,19557457,5703499
466,2021-05-02,32546822,3416822,19925517,5713420
467,2021-05-03,32592222,3425982,20282833,5717187
468,2021-05-04,32634949,3433516,20664979,5741564
469,2021-05-05,32680744,3451550,21077410,5767568
470,2021-05-06,32726689,3473503,21491598,5789281
471,2021-05-07,32774854,3491988,21892676,5808420
472,2021-05-08,32809818,3507673,22296081,5829199
473,2021-05-09,32832557,3520329,22662575,5838327
474,2021-05-10,32865353,3527251,22992517,5841626
475,2021-05-11,32900633,3533376,23340938,5861417
476,2021-05-12,32936594,3548285,23703665,5882915
477,2021-05-13,32974477,3565704,24046809,5902376
478,2021-05-14,33016059,3577040,24372907,5909419
479,2021-05-15,33046540,3584934,24684077,5925104
480,2021-05-16,33064172,3593434,24965463,5939130
481,2021-05-17,33089703,3598846,25228996,5942481
482,2021-05-18,33118721,3603055,25496330,5959704
483,2021-05-19,33147765,3614095,25772440,5978761
484,2021-05-20,33177770,3626393,26031991,5629921
485,2021-05-21,33206435,3635162,26289290,5642724
486,2021-05-22,33227352,3642244,26530132,5655335
487,2021-05-23,33241140,3648958,26752447,5665101
488,2021-05-24,33263298,3651640,26948874,5667331
489,2021-05-25,33287104,3653551,27157795,5670486
490,2021-05-26,33311455,3656177,27369093,5683143
491,2021-05-27,33338001,3662490,27555457,5697076
492,2021-05-28,33359917,3669870,27729247,5708350
493,2021-05-29,33372891,3675296,27894800,5719877
494,2021-05-30,33380097,3679148,28047534,5728539
495,2021-05-31,33386447,3681126,28175044,5728909
496,2021-06-01,33407540,3682911,28307832,5738762
497,2021-06-02,33424131,3687828,28441986,5740116
498,2021-06-03,33442100,3692468,28574350,5755675
499,2021-06-04,33459613,3695633,28694879,5762633
500,2021-06-05,33474770,3697927,28809339,5769287
501,2021-06-06,33480666,3700367,28909975,5774467
502,2021-06-07,33494852,3701484,28996473,5775641
503,2021-06-08,33507651,3702688,29089069,5781662
504,2021-06-09,33525852,3705942,29182532,5787231
505,2021-06-10,33540369,3709129,29274823,5791714
506,2021-06-11,33564873,3711569,29359155,5795593
507,2021-06-12,33573694,3713480,29439989,5799565
508,2021-06-13,33578723,3714969,29510410,5802538
509,2021-06-14,33590628,3715518,29570881,5803236
510,2021-06-15,33601271,3716170,29633105,5806479
511,2021-06-16,33613025,3717625,29700313,5809543
512,2021-06-17,33624547,3718955,29762793,5811592
513,2021-06-18,33645533,3720031,29823546,5814779
514,2021-06-19,33654422,3720031,29881772,5817403
515,2021-06-20,33659351,3721981,29935221,5819313
516,2021-06-21,33670079,3722327,29977861,5819809
517,2021-06-22,33680849,3722782,30028709,5822022
518,2021-06-23,33693339,3723798,30082778,5824352
519,2021-06-24,33707534,3724806,30134445,5826360
520,2021-06-25,33732043,3725580,30183143,5828348
521,2021-06-26,33741088,3726172,30233183,5830476
522,2021-06-27,33745750,3726710,30279331,5832110
523,2021-06-28,33759515,3726929,30316897,5832628
524,2021-06-29,33767046,3727333,30362848,5836023
525,2021-06-30,33782325,3728141,30411634,5837403
526,2021-07-01,33797251,3729033,30458251,5840067
527,2021-07-02,33826847,3729682,30502362,5842754
528,2021-07-03,33832133,3729682,30545433,5845760
529,2021-07-04,33836404,3729682,30585229,5848365
530,2021-07-05,33845569,3731124,30619932,5849167
531,2021-07-06,33868137,3731564,30663665,5852755
532,2021-07-07,33888276,3732549,30709557,5856838
533,2021-07-08,33909160,3733519,30752950,5861284
534,2021-07-09,33956134,3734468,30795716,5865864
535,2021-07-10,33966176,3734468,30837222,5870560
536,2021-07-11,33977944,3734468,30874376,5874874
537,2021-07-12,34007605,3736489,30907282,5876142
538,2021-07-13,34034110,3737135,30946147,5883100
539,2021-07-14,34065230,3738683,30987880,5884550
540,2021-07-15,34097162,3740325,31026829,5895608
541,2021-07-16,34175193,3741781,31064908,5906543
542,2021-07-17,34189264,3741781,31106065,5917548
543,2021-07-18,34209648,3741781,31144229,5930080
544,2021-07-19,34258861,3745227,31174322,5934273
545,2021-07-20,34298786,3746410,31216337,5952490
546,2021-07-21,34346640,3748613,31257720,5974063
547,2021-07-22,34403067,3750503,31293062,5996163
548,2021-07-23,34523848,3752592,31332159,6015572
549,2021-07-24,34553243,3752592,31371901,6041313
550,2021-07-25,34581897,3752592,31411262,6056555
551,2021-07-26,34660435,3756856,31440951,6061969
552,2021-07-27,34725586,3758401,31484605,6089097
553,2021-07-28,34799156,3761169,31528114,6117020
554,2021-07-29,34871512,3764311,31572344,6142449
555,2021-07-30,35062668,3766765,31613993,6166759
556,2021-07-31,35107404,3766765,31655824,6190621
557,2021-08-01,35152818,3766765,31695958,6210335
558,2021-08-02,35260292,3772109,31726507,6218927
559,2021-08-03,35358371,3773875,31769132,6243225
560,2021-08-04,35460776,3777446,31812114,6272466
561,2021-08-05,35570380,3780985,31856757,6299415
562,2021-08-06,35822339,3784433,31895385,6325146
563,2021-08-07,35886266,3784433,31934455,6351003
564,2021-08-08,35922000,3784433,31969954,6371463
565,2021-08-09,36080392,3791949,31998158,6378681
566,2021-08-10,36198713,3794429,32036511,6407573
567,2021-08-11,36353207,3799425,32077706,6440367
568,2021-08-12,36497053,3805063,32117826,6470038
569,2021-08-13,36723765,3810641,32156493,6497785
570,2021-08-14,36798001,3810641,32192576,6522212
571,2021-08-15,36845900,3810641,32225513,6543481
572,2021-08-16,37039222,3823139,32250679,6556878
573,2021-08-17,37190452,3827051,32285857,6582001
574,2021-08-18,37357711,3835375,32322258,6612028
575,2021-08-19,37513087,3843775,32358829,6637417
576,2021-08-20,37752090,3853055,32393286,6660365
577,2021-08-21,37845679,3853055,32424234,6683078
578,2021-08-22,37891095,3853055,32449306,6700378
579,2021-08-23,38097261,3871865,32474773,6708289
580,2021-08-24,38252484,3877612,32512366,6734203
581,2021-08-25,38431638,3889173,32558530,6757909
582,2021-08-26,38615429,3901799,32603188,6777592
583,2021-08-27,38853774,3913828,32649947,6778049
584,2021-08-28,38933859,3913828,32695030,6813680
585,2021-08-29,38987089,3913828,32737939,6827310
586,2021-08-30,39215007,3937106,32768880,6834998
587,2021-08-31,39395088,3942856,32810845,6835022
588,2021-09-01,39585475,3956387,32857937,6868151
589,2021-09-02,39764655,3970102,32903289,6882305
590,2021-09-03,39999770,3984353,32945907,6897529
591,2021-09-04,40087140,3984353,32988673,6910865
592,2021-09-05,40151883,3984353,33027621,6921275
593,2021-09-06,40241920,4010390,33058843,6924325
594,2021-09-07,40452004,4017116,33096718,6938866
595,2021-09-08,40629628,4030681,33139981,6944797
596,2021-09-09,40796334,4046112,33174954,6962917
597,2021-09-10,41038024,4059081,33208330,6972934
598,2021-09-11,41128599,4059081,33236921,6982683
599,2021-09-12,41178219,4059081,33264175,6990662
600,2021-09-13,41385902,4083151,33289579,6992980
601,2021-09-14,41531511,4089476,33316755,7007436
602,2021-09-15,41704724,4101931,33347325,7007819
603,2021-09-16,41863377,4114856,33381728,7022203
604,2021-09-17,42074007,4125878,33417390,7029959
605,2021-09-18,42150320,4125878,33448163,7037931
606,2021-09-19,42196351,4125878,33478419,7043875
607,2021-09-20,42365732,4145852,33504534,7045422
608,2021-09-21,42487611,4150516,33531498,7054198
609,2021-09-22,42619242,4160970,33563421,7061323
610,2021-09-23,42748318,4171666,33594803,7068630
611,2021-09-24,42922887,4181393,33624419,7075305
612,2021-09-25,42984802,4181393,33652745,7080675
613,2021-09-26,43040459,4181393,33678786,7085607
614,2021-09-27,43194360,4199400,33697581,7087110
615,2021-09-28,43307569,4203571,33716451,7094334
616,2021-09-29,43429449,4215351,33739980,7100572
617,2021-09-30,43539596,4227501,33766707,7106028
618,2021-10-01,43694428,4237619,33791061,7111154
619,2021-10-02,43744224,4237619,33813903,7116415
620,2021-10-03,43790462,4237619,33834702,7120214
621,2021-10-04,43931026,4255388,33853048,7121507
622,2021-10-05,44026584,4260187,33871881,7127454
623,2021-10-06,44139333,4271734,33894312,7137177
624,2021-10-07,44240441,4283378,33915569,7142387
625,2021-10-08,44371002,4293807,33935309,7147186
626,2021-10-09,44411382,4293807,33953475,7152009
627,2021-10-10,44452401,4293807,33971607,7156066
628,2021-10-11,44545245,4313384,33985920,7157206
629,2021-10-12,44656250,4318355,34001743,7163317
630,2021-10-13,44764567,4330258,34020730,7164924
631,2021-10-14,44850751,4342640,34037592,7174580
632,2021-10-15,44959502,4354158,34053573,7180773
633,2021-10-16,45000892,4354158,34067719,7185744
634,2021-10-17,45034083,4354158,34081315,7189566
635,2021-10-18,45130714,4377845,34094373,7190716
636,2021-10-19,45213344,4384616,34108996,7196754
637,2021-10-20,45305577,4401631,34127450,7202840
638,2021-10-21,45382909,4417708,34143236,7209126
639,2021-10-22,45478808,4437280,34159562,7215584
640,2021-10-23,45513139,4437280,34175468,7221941
641,2021-10-24,45534110,4437280,34189774,7226974
642,2021-10-25,45643583,4472730,34202202,7228331
643,2021-10-26,45711249,4483203,34215653,7235100
644,2021-10-27,45813716,4506415,34231809,7242180
645,2021-10-28,45888274,4534452,34246157,7248285
646,2021-10-29,45982991,4559120,34260470,7254779
647,2021-10-30,46019330,4559120,34273300,7262178
648,2021-10-31,46053361,4559120,34285814,7268527
649,2021-11-01,46163201,4607208,34296237,7270410
650,2021-11-02,46233294,4618021,34308140,7272516
651,2021-11-03,46320009,4638419,34321025,7282823
652,2021-11-04,46401241,4672368,34333754,7292220
653,2021-11-05,46498331,4709488,34344683,7301303
654,2021-11-06,46535625,4709488,34355509,7310967
655,2021-11-07,46574617,4709488,34366987,7319526
656,2021-11-08,46681947,4782546,34377113,7321767
657,2021-11-09,46761945,4804378,34388579,7334332
658,2021-11-10,46857079,4844054,34401670,7346277
659,2021-11-11,46914755,4894250,34414186,7358920
660,2021-11-12,47058876,4942890,34426036,7362807
661,2021-11-13,47105069,4942890,34437307,7377483
662,2021-11-14,47138971,4942890,34447536,7389989
663,2021-11-15,47270028,5045076,34456401,7393296
664,2021-11-16,47358009,5077124,34466598,7413180
665,2021-11-17,47470415,5129950,34478517,7433545
666,2021-11-18,47578998,5195321,34489623,7453941
667,2021-11-19,47705269,5248291,34499925,7475211
668,2021-11-20,47752525,5248291,34510413,7497912
669,2021-11-21,47794054,5248291,34518901,7517669
670,2021-11-22,47934950,5385585,34526480,7523008
671,2021-11-23,48026672,5430911,34535763,7553513
672,2021-11-24,48138243,5497795,34544882,7586146
673,2021-11-25,48175300,5573756,34555431,7619656
674,2021-11-26,48229993,5650170,34563749,7654128
675,2021-11-27,48258460,5650170,34572523,7691217
676,2021-11-28,48303583,5650170,34580832,7722804
677,2021-11-29,48488733,5791060,34587822,7731351
678,2021-11-30,48606339,5836813,34596776,7778575
679,2021-12-01,48743340,5903999,34606541,7829045
680,2021-12-02,48881253,5977208,34615757,7877490
681,2021-12-03,49039251,6051560,34624360,7927361
682,2021-12-04,49107059,6051560,34624360,7978825
683,2021-12-05,49163621,6051560,34641561,8020978
684,2021-12-06,49338540,6185961,34648383,8032613
685,2021-12-07,49451008,6222020,34656822,8091667
686,2021-12-08,49600386,6291621,34666241,8153025
687,2021-12-09,49724320,6362232,34674643,8209911
688,2021-12-10,49881735,6423520,34682633,8265076
689,2021-12-11,49939477,6423520,34690510,8318995
690,2021-12-12,49992874,6423520,34697860,8362843
691,2021-12-13,50176127,6531606,34703644,8374944
692,2021-12-14,50289477,6562429,34710628,8438360
693,2021-12-15,50435092,6613730,34718602,8504074
694,2021-12-16,50577283,6670407,34726049,8564979
695,2021-12-17,50769791,6721375,34726049,8623131
696,2021-12-18,50851472,6721375,34733194,8681667
697,2021-12-19,50942391,6721375,34746838,8730140
698,2021-12-20,51183554,6809622,34752164,8745272
699,2021-12-21,51365828,6833050,34758481,8818154
700,2021-12-22,51613682,6878709,34765976,8902466
701,2021-12-23,51888071,6923636,34772626,8994106
702,2021-12-24,52136339,6923636,34779815,9088232
703,2021-12-25,52224654,6923636,34786802,9192843
704,2021-12-26,52408175,6923636,34793333,9220540
705,2021-12-27,52914246,7005289,34799691,9251021
706,2021-12-28,53286705,7026369,34808886,9430829
707,2021-12-29,53797725,7066412,34822040,9639037
708,2021-12-30,54395674,7109182,34838804,9845583
709,2021-12-31,54907717,7109182,34861579,10077783
710,2022-01-01,55099948,7109182,34889132,10296909
711,2022-01-02,55396191,7109182,34922882,10355341
712,2022-01-03,56438983,7109182,34960261,10422830
713,2022-01-04,57267794,7238408,35018358,10694804
714,2022-01-05,57943576,7297320,35109286,11027112
715,2022-01-06,58788182,7361660,35226386,11290010
716,2022-01-07,59667177,7417995,35368372,11618256
717,2022-01-08,60075853,7417995,35528004,11921925
718,2022-01-09,60569265,7417995,35707727,12218022
719,2022-01-10,61923770,7535691,35875790,12311963
720,2022-01-11,62709985,7581381,36070510,12680780
721,2022-01-12,63563852,7661811,36317927,13042665
722,2022-01-13,64429141,7743228,36582129,13351053
723,2022-01-14,65308292,7835451,36850962,13680775
724,2022-01-15,65724593,7835451,37122164,14005385
725,2022-01-16,66210693,7835451,37380253,14283514
726,2022-01-17,66870941,8000122,37618271,14386178
727,2022-01-18,68003787,8074527,37901241,14851448
728,2022-01-19,68913628,8186850,38218773,15288014
729,2022-01-20,69644507,8320386,38566027,15715329
730,2022-01-21,70450244,8460546,38903731,16116748
731,2022-01-22,70760203,8460546,39237264,16506090
732,2022-01-23,71131122,8460546,39543328,16807733
733,2022-01-24,72039869,8744840,39799202,16917220
734,2022-01-25,72532127,8871795,40085116,17420569
735,2022-01-26,73209225,9035795,40371500,17848291
736,2022-01-27,73712510,9238931,40622709,18241888
737,2022-01-28,74325157,9429079,40858241,18596157
738,2022-01-29,74507829,9429079,41092522,18928572
739,2022-01-30,74708840,9429079,41302440,19178039
740,2022-01-31,75244152,9815533,41469499,19266496
741,2022-02-01,75570589,9978146,41630885,19681231
742,2022-02-02,75897686,10186644,41803318,19998301
743,2022-02-03,76171309,10422764,41952712,20274710
744,2022-02-04,76526048,10671602,42080664,20517059
745,2022-02-05,76614468,10671602,42188138,20731613
746,2022-02-06,76699490,10671602,42272014,20887052
747,2022-02-07,77042080,11117857,42339611,20935910
748,2022-02-08,77255897,11287428,42410976,21174600
749,2022-02-09,77443048,11521678,42478060,21177663
750,2022-02-10,77613413,11769540,42536137,21511997
751,2022-02-11,77821582,12009712,42586544,21646561
752,2022-02-12,77874376,12009712,42631421,21765182
753,2022-02-13,77933572,12009712,42665534,21851747
754,2022-02-14,78100771,12421126,42692943,21884370
755,2022-02-15,78211154,12580343,42723558,21886335
756,2022-02-16,78324961,12800315,42754315,22130264
757,2022-02-17,78426229,13035941,42780235,22223882
758,2022-02-18,78570116,13255989,42802505,22310014
759,2022-02-19,78602274,13255989,42822473,22386566
760,2022-02-20,78625816,13255989,42838524,22445580
761,2022-02-21,78705461,13636993,42851929,22466076
762,2022-02-22,78794643,13762895,42867031,22563594
763,2022-02-23,78878687,13971947,42881179,22638153
764,2022-02-24,78945215,14188269,42894345,22707110
765,2022-02-25,79018857,14399012,42905844,22765934
766,2022-02-26,79066699,14399012,42916117,22819557
767,2022-02-27,79085232,14399012,42924130,22862157
768,2022-02-28,79181996,14745107,42931045,22877926
769,2022-03-01,79228450,14867218,42938599,22959368
770,2022-03-02,79281474,15053624,42945160,23017711
771,2022-03-03,79329961,15264297,42951556,23079453
772,2022-03-04,79380604,15481890,42957477,23137902
773,2022-03-05,79395871,15481890,42962953,23191580
774,2022-03-06,79408495,15481890,42967315,23236908
775,2022-03-07,79469829,15869417,42971308,23253235
776,2022-03-08,79499165,15869417,42975883,23346927
777,2022-03-09,79536060,16242070,42980067,23417253
778,2022-03-10,79581728,16504822,42984261,23492815
779,2022-03-11,79630488,16757658,42987875,23565274
780,2022-03-12,79641006,16757658,42990991,23635798
781,2022-03-13,79652314,16757658,42993494,23694834
782,2022-03-14,79686584,17233729,42996062,23717460
783,2022-03-15,79710097,17432617,42998938,23834842
784,2022-03-16,79761332,17695210,43001477,23943801
785,2022-03-17,79813357,17990141,43004005,24046195
786,2022-03-18,79844989,18287986,43006080,24143852
787,2022-03-19,79856111,18287986,43007841,24241956
788,2022-03-20,79867776,18287986,43009390,24323239
789,2022-03-21,79908821,18772331,43010971,24347772
790,2022-03-22,79930050,18994411,43012749,24528957
791,2022-03-23,79969950,19278143,43014687,24683075
792,2022-03-24,80012001,19596530,43016372,24823603
793,2022-03-25,80056416,19893028,43018032,24967222
794,2022-03-26,80066111,19893028,43019453,25106739
795,2022-03-27,80078147,19893028,43020723,25216913
796,2022-03-28,80115859,20323779,43021982,25246720
797,2022-03-29,80138918,20561131,43023215,25464389
798,2022-03-30,80177035,20829608,43024440,25633476
799,2022-03-31,80221585,21104509,43025775,25803173
800,2022-04-01,80252748,21357039,43027035,25952226
801,2022-04-02,80264828,21357039,43028131,26084340
802,2022-04-03,80269842,21357039,43029044,26186606
803,2022-04-04,80307960,21668677,43029839,26218724
804,2022-04-05,80332930,21849074,43030925,26428476
805,2022-04-06,80372860,22064059,43031958,26579448
806,2022-04-07,80422532,22265788,43033067,26738483
807,2022-04-08,80495710,22441051,43034217,26887490
808,2022-04-09,80508766,22441051,43035271,27029271
809,2022-04-10,80518573,22441051,43036132,27136925
810,2022-04-11,80556687,22677986,43036928,27162463
811,2022-04-12,80591910,22840776,43038016,27353225
812,2022-04-13,80647978,23017079,43039023,27499728
813,2022-04-14,80695831,23182447,43039972,27637292
814,2022-04-15,80730300,23182447,43040947,27762686
815,2022-04-16,80743119,23182447,43042097,27874269
816,2022-04-17,80751042,23182447,43044280,27960919
817,2022-04-18,80810593,23182447,43045527,27980729
818,2022-04-19,80849092,23459628,43047594,28006219
819,2022-04-20,80916866,23658211,43049974,28162002
820,2022-04-21,80977349,23844536,43052425,28266009
821,2022-04-22,81065925,24006254,43054952,28354529
822,2022-04-23,81086628,24006254,43057545,28435100
823,2022-04-24,81100611,24006254,43060086,28494054
824,2022-04-25,81168415,24200596,43060097,28508116
825,2022-04-26,81213305,24337394,43065496,28605614
826,2022-04-27,81303117,24479055,43068799,28673411
827,2022-04-28,81380091,24609159,43072176,28733434
828,2022-04-29,81441344,24710769,43075864,28786413
829,2022-04-30,81466441,24710769,43079188,28835895
830,2022-05-01,81483804,24710769,43082345,28872621
831,2022-05-02,81577677,24813817,43084913,28881384
832,2022-05-03,81627341,24927339,43088118,28948497
833,2022-05-04,81739690,25033970,43091393,28996577
834,2022-05-05,81827903,25130137,43094938,29040934
835,2022-05-06,81956955,25215210,43098743,29081169
836,2022-05-07,81986006,25215210,43102194,29119127
837,2022-05-08,81992619,25215210,43105401,29148451
838,2022-05-09,82121797,25299300,43107689,29155815
839,2022-05-10,82192316,25406868,43110586,29212276
840,2022-05-11,82353337,25503878,43113413,29252875
841,2022-05-12,82458677,25592839,43116254,29289023
842,2022-05-13,82545938,25661838,43119112,29321831
843,2022-05-14,82564426,25661838,43121599,29352290
844,2022-05-15,82597555,25661838,43123801,29375134
845,2022-05-16,82774479,25732153,43125370,29381085
846,2022-05-17,82859805,25818405,43127199,29424812
847,2022-05-18,83063638,25890456,43129563,29489304
848,2022-05-19,83199187,25949175,43131822,29517146
849,2022-05-20,83347968,25998085,43134145,29541498
850,2022-05-21,83376122,25998085,43136371,29564005
851,2022-05-22,83389299,25998085,43138393,29580970
852,2022-05-23,83538499,26045528,43140068,29551335
853,2022-05-24,83622359,26109965,43142192,29583616
854,2022-05-25,83833099,26159106,43144820,29605758
855,2022-05-26,83968629,26159106,43147530,29626992
856,2022-05-27,84076461,26200663,43150215,29631816
857,2022-05-28,84090734,26244107,43153043,29655398
858,2022-05-29,84097861,26244107,43155749,29671838
859,2022-05-30,84160373,26244107,43158087,29676522
860,2022-05-31,84327544,26305996,43160832,29711870
861,2022-06-01,84556267,26360953,43164544,29738170
862,2022-06-02,84678587,26409455,43168585,29763546
863,2022-06-03,84835573,26452148,43172547,29788676
864,2022-06-04,84863718,26452148,43176817,29813848
865,2022-06-05,84880100,26452148,43181335,29834390
866,2022-06-06,85039922,26452148,43185049,29840626
867,2022-06-07,85126555,26498361,43190282,29852463
868,2022-06-08,85325154,26583016,43197522,29906452
869,2022-06-09,85457093,26660652,43205106,29946603
870,2022-06-10,85563254,26738530,43213435,29946697
871,2022-06-11,85598649,26738530,43222017,29946603
872,2022-06-12,85616523,26738530,43230101,29946603
873,2022-06-13,85768092,26809245,43236695,29946647
874,2022-06-14,85858269,26915085,43245517,30123426
875,2022-06-15,86043157,27007429,43257730,30175534
876,2022-06-16,86173188,27096571,43270577,30228615
877,2022-06-17,86312000,27124689,43283793,30279240
878,2022-06-18,86329794,27124689,43296692,30279240
879,2022-06-19,86347944,27124689,43309473,30279240
880,2022-06-20,86443987,27211896,43319396,30381221
881,2022-06-21,86555173,27334993,43331645,30476915
882,2022-06-22,86740533,27454225,43344958,30555038
883,2022-06-23,86879240,27573585,43362294,30634890
884,2022-06-24,86996447,27681775,43378234,30714200
885,2022-06-25,87037562,27681775,43389973,30714200
886,2022-06-26,87060024,27681775,43407046,30714200
887,2022-06-27,87219959,27771911,43418839,30879062
888,2022-06-28,87317769,27914240,43433345,31027099
889,2022-06-29,87507662,28048190,43452164,31151971
890,2022-06-30,87675415,28180861,43469234,31285317
891,2022-07-01,87832253,28293960,43486326,31410383
892,2022-07-02,87852832,28293960,43502429,31410383
893,2022-07-03,87861491,28293960,43518564,31410383
894,2022-07-04,87937948,28394995,43531650,31653749
895,2022-07-05,88079364,28542484,43547809,31861391
896,2022-07-06,88279768,28673212,43566739,32016207
897,2022-07-07,88418829,28808614,43585554,32177472
898,2022-07-08,88556536,28926346,43604394,32318670
899,2022-07-09,88585837,28926346,43622651,32318670
900,2022-07-10,88610605,28926346,43639329,32318670
901,2022-07-11,88811480,29025760,43652944,32570121
902,2022-07-12,88959681,29180489,43669850,32753754
903,2022-07-13,89163998,29308100,43689989,32881645
904,2022-07-14,89339450,29460249,43710027,32881645
905,2022-07-15,89492643,29569943,43730071,32881809
906,2022-07-16,89532095,29569943,43750599,32881809
907,2022-07-17,89561931,29569943,43767534,32881809
908,2022-07-18,89726778,29692989,43783062,33239622
909,2022-07-19,89843975,29853680,43801678,33375449
910,2022-07-20,90060378,29994679,43824728,33465759
911,2022-07-21,90236138,30131303,43847065,33546628
912,2022-07-22,90367542,30239122,43868476,33621366
913,2022-07-23,90394143,30239122,43888755,33621366
914,2022-07-24,90417634,30239122,43905621,33621366
915,2022-07-25,90607493,30331133,43920451,33751295
916,2022-07-26,90739588,30476605,43938764,33840851
917,2022-07-27,90979365,30598385,43959321,33899799
918,2022-07-28,91156742,30702511,43979730,33951450
919,2022-07-29,91315977,30787309,44000138,33997224
920,2022-07-30,91332204,30787309,44019811,33997224
921,2022-07-31,91345425,30787309,44036275,33997224
922,2022-08-01,91515236,30854175,44050009,34077286
923,2022-08-02,91606171,30956873,44067144,34133344
924,2022-08-03,91806570,31044554,44087037,34172819
925,2022-08-04,91993893,31119199,44107588,34206310
926,2022-08-05,92100011,31178705,44126994,34237067
927,2022-08-06,92115152,31178705,44145709,34237067
928,2022-08-07,92127889,31178705,44145709,34237067
929,2022-08-08,92283082,31228322,44174650,34292342
930,2022-08-09,92382841,31307020,44190697,34331725
931,2022-08-10,92579320,31379757,44206996,34359013
932,2022-08-11,92742297,31439645,44223557,34383344
933,2022-08-12,92838951,31489484,44239372,34406092
934,2022-08-13,92922767,31489484,44253464,34406092
935,2022-08-14,92932588,31489484,44268381,34406092
936,2022-08-15,93055285,31535340,44277711,34406296
937,2022-08-16,93147062,31599085,44286256,34455445
938,2022-08-17,93283935,31666475,44298864,34491381
939,2022-08-18,93433063,31725160,44314618,34514986
940,2022-08-19,93510612,31771884,44327890,34535255
941,2022-08-20,93521828,31771884,44339429,34535255
942,2022-08-21,93531703,31771884,44348960,34535255
943,2022-08-22,93660652,31808228,44357546,34573992
944,2022-08-23,93759938,31868639,44368195,34603400
945,2022-08-24,93911627,31921578,44378920,34624825
946,2022-08-25,94051288,31970779,44389176,34644718
947,2022-08-26,94172008,32008122,44398696,34662834
948,2022-08-27,94183881,32008122,44408132,34662834
949,2022-08-28,94192404,32008122,44415723,34662834
950,2022-08-29,94298521,32041350,44415723,34698583
951,2022-08-30,94374035,32095854,44415723,34726269
952,2022-08-31,94528255,32145157,44436339,34745833
953,2022-09-01,94659072,32184553,44442507,34764504
954,2022-09-02,94723711,32218483,44449726,34780903
955,2022-09-03,94735199,32218483,44456535,34780903
956,2022-09-04,94742681,32218483,44462445,34780903
957,2022-09-05,94776356,32247828,44466862,34812853
958,2022-09-06,94888803,32297537,44469661,34839791
959,2022-09-07,95012774,32344032,44478636,34859956
960,2022-09-08,95119998,32386089,44484729,34879822
961,2022-09-09,95220758,32422084,44490283,34898909
962,2022-09-10,95230918,32422084,44495359,34898909
963,2022-09-11,95239962,32422084,44500580,34898909
964,2022-09-12,95309350,32452250,44502363,34939449
965,2022-09-13,95389023,32507180,44510057,34985401
966,2022-09-14,95492224,32558479,44516479,35015024
967,2022-09-15,95575861,32604993,44522777,35048305
968,2022-09-16,95632097,32643742,44528524,35076991
969,2022-09-17,95640668,32643742,44534188,35076991
970,2022-09-18,95646159,32643742,44539046,35076991
971,2022-09-19,95701850,32680356,44543089,35138509
972,2022-09-20,95771112,32740593,44545011,35190357
973,2022-09-21,95869476,32797308,44553042,35228660
974,2022-09-22,95950546,32854286,44558425,35267124
975,2022-09-23,96033830,32905086,44563337,35304648
976,2022-09-24,96043588,32905086,44568114,35304648
977,2022-09-25,96050333,32905086,44572243,35304648
978,2022-09-26,96095885,32952050,44575473,35381526
979,2022-09-27,96156934,33041332,44579088,35456751
980,2022-09-28,96243479,33137143,44583360,35508658
981,2022-09-29,96328015,33216006,44587307,35560024
982,2022-09-30,96361580,33312373,44591112,35608285
983,2022-10-01,96369625,33312373,44594487,35608285
984,2022-10-02,96375509,33312373,44597498,35608285
985,2022-10-03,96416999,33312373,44599466,35701024
986,2022-10-04,96472358,33386229,44601892,35790213
987,2022-10-05,96543735,33519761,44604463,35856904
988,2022-10-06,96604699,33652255,44606460,35922441
989,2022-10-07,96663035,33826367,44609257,35983605
990,2022-10-08,96670876,33826367,44612013,35983605
991,2022-10-09,96676516,33826367,44614437,35983605
992,2022-10-10,96699589,33948632,44616394,36092874
993,2022-10-11,96760434,34121168,44616235,36187658
994,2022-10-12,96825135,34257916,44621319,36255606
995,2022-10-13,96888756,34403129,44623997,36319858
996,2022-10-14,96915830,34517327,44626427,36381207
997,2022-10-15,96921917,34517327,44628828,36381207
998,2022-10-16,96928733,34517327,44630888,36381207
999,2022-10-17,96967685,34608837,44632430,36487995
1000,2022-10-18,97011349,34758889,44634376,36575661
1001,2022-10-19,97072048,34888963,44636517,36638723
1002,2022-10-20,97129478,35005769,44638636,36695541
1003,2022-10-21,97175604,35098062,44640748,36744628
1004,2022-10-22,97181092,35098062,44642742,36744628
1005,2022-10-23,97189727,35098062,44644076,36744628
1006,2022-10-24,97229112,35172694,44644938,36826751
1007,2022-10-25,97272915,35288228,44645768,36886459
1008,2022-10-26,97344455,35383015,44646880,36927700
1009,2022-10-27,97403798,35461920,44649088,36964789
1010,2022-10-28,97434240,35523412,44650662,36990572
1011,2022-10-29,97443365,35523412,44652256,36990572
1012,2022-10-30,97446797,35523412,44653592,36990572
1013,2022-10-31,97491766,35571131,44654638,37033519
1014,2022-11-01,97540736,35619687,44655828,37033582
1015,2022-11-02,97614775,35649648,44655926,37068741
1016,2022-11-03,97685617,35728277,44658365,37110800
1017,2022-11-04,97724326,35784912,44659447,37140238
1018,2022-11-05,97729627,35784912,44660579,37140238
1019,2022-11-06,97737758,35784912,44661504,37140238
1020,2022-11-07,97778436,35823771,44660293,37191901
1021,2022-11-08,97809892,35884834,44660293,37232493
1022,2022-11-09,97907217,35932654,44660293,37261364
1023,2022-11-10,97973552,35971322,44664810,37288432
1024,2022-11-11,97986735,36005025,44665643,37288432
1025,2022-11-12,97992007,36005025,44666372,37288432
1026,2022-11-13,97994653,36005025,44666924,37288432
1027,2022-11-14,98045066,36033395,44667390,37354169
1028,2022-11-15,98104944,36080574,44667900,37403757
1029,2022-11-16,98189692,36119184,44668535,37437677
1030,2022-11-17,98243790,36152490,44667967,37471008
1031,2022-11-18,98299385,36180077,44669748,37508185
1032,2022-11-19,98304397,36180077,44670240,37508185
1033,2022-11-20,98308346,36180077,44670646,37508185
1034,2022-11-21,98352864,36205405,44670940,37576243
1035,2022-11-22,98409179,36247081,44671300,37641319
1036,2022-11-23,98522619,36280371,44671708,37690658
1037,2022-11-24,98538940,36318461,44672048,37741188
1038,2022-11-25,98561273,36348477,44672442,37789817
1039,2022-11-26,98564574,36348477,44672787,37789817
1040,2022-11-27,98570524,36348477,44673078,37789817
1041,2022-11-28,98632854,36373165,44673293,37885199
1042,2022-11-29,98700309,36419717,44673567,37979248
1043,2022-11-30,98813321,36463485,44673863,38046448
1044,2022-12-01,98903928,36499600,44674138,38115885
1045,2022-12-02,98968313,36530020,44674390,38174893
1046,2022-12-03,98975438,36530020,44674616,38174893
1047,2022-12-04,98980990,36530020,44674842,38174893
1048,2022-12-05,99038798,36557861,44675006,38278536
1049,2022-12-06,99133789,36604648,44675172,38384992
1050,2022-12-07,99279229,36649979,44675413,38461021
1051,2022-12-08,99378455,36690235,44675662,38532642
1052,2022-12-09,99414998,36726061,44675872,38598292
1053,2022-12-10,99422186,36726061,44676045,38598292
1054,2022-12-11,99428500,36726061,44676045,38598292
1055,2022-12-12,99487847,36758926,44676318,38717933
1056,2022-12-13,99581078,36812671,44676470,38815319
1057,2022-12-14,99729246,36860998,44676670,38885679
1058,2022-12-15,99841367,36905873,44676832,38948220
1059,2022-12-16,99895955,36946574,44676999,39004649
1060,2022-12-17,99902767,36946574,44677175,39004649
1061,2022-12-18,99908625,36946574,44677310,39004649
1062,2022-12-19,99969013,36980883,44677422,39102670
1063,2022-12-20,100050937,37035898,44677554,39174528
1064,2022-12-21,100233060,37088426,44677739,39229380
1065,2022-12-22,100329204,37136414,44677902,39278897
1066,2022-12-23,100368433,37177845,44678103,39322741
1067,2022-12-24,100374955,37177845,44678330,39322741
1068,2022-12-25,100378169,37177845,44678517,39322741
1069,2022-12-26,100390601,37177845,44678683,39363485
1070,2022-12-27,100501536,37211978,44678871,39423584
1071,2022-12-28,100614880,37272430,44679139,39449665
1072,2022-12-29,100718983,37345969,44679382,39474380
1073,2022-12-30,100757380,37369865,44679608,39498188
1074,2022-12-31,100765333,37369866,44679873,39498188
1075,2023-01-01,100769628,37369867,44680046,39498188
1076,2023-01-02,100777938,37410650,44680180,39537275
1077,2023-01-03,100866744,37446795,44680355,39560482
1078,2023-01-04,101064860,37475448,44680543,39574616
1079,2023-01-05,101196089,37496370,44680771,39586288
1080,2023-01-06,101261277,37509539,44680985,39596671
1081,2023-01-07,101267132,37509539,44681148,39596671
1082,2023-01-08,101272842,37509539,44681318,39596671
1083,2023-01-09,101315853,37540072,44681439,39613891
1084,2023-01-10,101399138,37562191,44681610,39625664
1085,2023-01-11,101538756,37581570,44681807,39633417
1086,2023-01-12,101603736,37594526,44681981,39640595
1087,2023-01-13,101637051,37605135,44682160,39646833
1088,2023-01-14,101642336,37605135,44682264,39646833
1089,2023-01-15,101645654,37605135,44682378,39646833
1090,2023-01-16,101653171,37622357,44682467,39657663
1091,2023-01-17,101734426,37637807,44682595,39666044
1092,2023-01-18,101863056,37649808,44682729,39671999
1093,2023-01-19,101954244,37659518,44682874,39677034
1094,2023-01-20,101991763,37668384,44683005,39681509
1095,2023-01-21,101996891,37668384,44683145,39681509
1096,2023-01-22,102000179,37668384,44683239,39681509
1097,2023-01-23,102031232,37684456,44683328,39690337
1098,2023-01-24,102086966,37701193,44683430,39697613
1099,2023-01-25,102189274,37715000,44683562,39702995
1100,2023-01-26,102253390,37728155,44683661,39708282
1101,2023-01-27,102270311,37739472,44683754,39712963
1102,2023-01-28,102274906,37739472,44683863,39713004
1103,2023-01-29,102278398,37739472,44683943,39713004
1104,2023-01-30,102307529,37758773,44684009,39722301
1105,2023-01-31,102362870,37779833,44684120,39729161
1106,2023-02-01,102479379,37796790,44684248,39733692
1107,2023-02-02,102561054,37810199,44684347,39737713
1108,2023-02-03,102599784,37822577,44684475,39741331
1109,2023-02-04,102603942,37822577,44684588,39741331
1110,2023-02-05,102606868,37822577,44684679,39741331
1111,2023-02-06,102631179,37842223,44684768,39747993
1112,2023-02-07,102676694,37861703,44684864,39753017
1113,2023-02-08,102760211,37879714,44684973,39757008
1114,2023-02-09,102842061,37893892,44685087,39760676
1115,2023-02-10,102855101,37893892,44683862,39764042
1116,2023-02-11,102859510,37907312,44685219,39764042
1117,2023-02-12,102862879,37907312,44685425,39764042
1118,2023-02-13,102886005,37928944,44685499,39770404
1119,2023-02-14,102934224,37949446,44685601,39775390
1120,2023-02-15,103023231,37970357,44685727,39779373
1121,2023-02-16,103083910,37986750,44685884,39783394
1122,2023-02-17,103131898,38002114,44686001,39786983
1123,2023-02-18,103134605,38002114,44686143,39786983
1124,2023-02-19,103136077,38002114,44686263,39786983
1125,2023-02-20,103138119,38018111,44686358,39795116
1126,2023-02-21,103198669,38043874,44686483,39800890
1127,2023-02-22,103308832,38068912,44686676,39805492
1128,2023-02-23,103365511,38090089,44686842,39809981
1129,2023-02-24,103378408,38111063,44687025,39813898
1130,2023-02-25,103381157,38111063,44687243,39813898
1131,2023-02-26,103382763,38111063,44687428,39813898
1132,2023-02-27,103399827,38144033,44687597,39821524
1133,2023-02-28,103443455,38168908,44687837,39827175
1134,2023-03-01,103533872,38189954,44688105,39831700
1135,2023-03-02,103589757,38202571,44688388,39835896
1136,2023-03-03,103648690,38210850,44688722,39839090
1137,2023-03-04,103650837,38210850,44689046,39839090
1138,2023-03-05,103646975,38210851,44689327,39839090
1139,2023-03-06,103655539,38210851,44689593,39847236
1140,2023-03-07,103690910,38231610,44689919,39854299
1141,2023-03-08,103755771,38241231,44690298,39860410
1142,2023-03-09,103802702,38249060,44690738,39866718
